track_set	cell_type	condition	cells	peak_matrix_counts	normalization	scale_factor	bin_size	file	cut_sites	bytes	sha256	bigwig_chromosomes
population	CM	P1+3 dpi	3277	43463077	Tn5 cut sites * cell-type median group depth / group peak-matrix counts; 100-bp centered mean	46211850.5	10	wang2020_cm_p1_mi_psd3.bw	102929654	453440452	992b05de7f1a1dd8ecb384c50e5c94e01775782d50b37b261c2b99f4bd46367a	22
population	CM	P1+3 dps	3778	48960624	Tn5 cut sites * cell-type median group depth / group peak-matrix counts; 100-bp centered mean	46211850.5	10	wang2020_cm_p1_sham_psd3.bw	110821316	469915005	6fc6f43be069857dabc6743c8e30430087afb9656b993f0e8eddbf31a9be0eaa	22
population	CM	P8+3 dpi	2161	29847803	Tn5 cut sites * cell-type median group depth / group peak-matrix counts; 100-bp centered mean	46211850.5	10	wang2020_cm_p8_mi_psd3.bw	62711074	303847556	e3b03b9dc51b031b9a440040fad2161ecca244ccbb6e60f9ec590eae700e8322	22
population	CM	P8+3 dps	3606	52239367	Tn5 cut sites * cell-type median group depth / group peak-matrix counts; 100-bp centered mean	46211850.5	10	wang2020_cm_p8_sham_psd3.bw	97915120	374420104	30d058c3c6a91520a6dde2c12b48b92c41753da4d52aa587c7a2898753ff521b	22
population	Art.EC	P1+3 dpi	111	1499332	Tn5 cut sites * cell-type median group depth / group peak-matrix counts; 100-bp centered mean	1503011.0	10	wang2020_art_ec_p1_mi_psd3.bw	4344076	47437915	857bde0a0e003278147cc05e7695d198d6c07142e828be0128a9751ab5ff94a7	22
population	Art.EC	P1+3 dps	88	1336118	Tn5 cut sites * cell-type median group depth / group peak-matrix counts; 100-bp centered mean	1503011.0	10	wang2020_art_ec_p1_sham_psd3.bw	3240690	36622859	3659797345b64bc249d8b36a9baaec0d7fa33addc5106bfbc5b66044ca0832f2	22
population	Art.EC	P8+3 dpi	149	1506690	Tn5 cut sites * cell-type median group depth / group peak-matrix counts; 100-bp centered mean	1503011.0	10	wang2020_art_ec_p8_mi_psd3.bw	4400086	48028260	637e46aad3d61126105c49ed63807d46681d1c26a42e4dfcc34836271c4402f6	22
population	Art.EC	P8+3 dps	179	2494235	Tn5 cut sites * cell-type median group depth / group peak-matrix counts; 100-bp centered mean	1503011.0	10	wang2020_art_ec_p8_sham_psd3.bw	5555222	54920860	9b4909ebb030ede566728d1f213a068604f8504511f7e0ef6df4259120a0fb1f	22
population	VEC	P1+3 dpi	1086	13755522	Tn5 cut sites * cell-type median group depth / group peak-matrix counts; 100-bp centered mean	15889088.5	10	wang2020_vec_p1_mi_psd3.bw	33272880	204351500	a88031499fbe0944baf3796d0970cff3934223125b15f69964d0db03fefa3cec	22
population	VEC	P1+3 dps	1317	17075195	Tn5 cut sites * cell-type median group depth / group peak-matrix counts; 100-bp centered mean	15889088.5	10	wang2020_vec_p1_sham_psd3.bw	36748894	207502707	5b59d75afa4a97f71a8ff5c55aaa0cb7ffb632a557044731999803d07ab88875	22
population	VEC	P8+3 dpi	1482	14702982	Tn5 cut sites * cell-type median group depth / group peak-matrix counts; 100-bp centered mean	15889088.5	10	wang2020_vec_p8_mi_psd3.bw	34086794	212343243	3b861b55cdca03c1e4669a20cebbb9a578ad3623145d2d4e69f2f4f6b7333151	22
population	VEC	P8+3 dps	2205	24804976	Tn5 cut sites * cell-type median group depth / group peak-matrix counts; 100-bp centered mean	15889088.5	10	wang2020_vec_p8_sham_psd3.bw	56859782	307271737	df85ed00ae5b33eb01dbecfc2e9502b654d701cf7f9028e5ec040c274298ed5f	22
population	Endo	P1+3 dpi	365	4813233	Tn5 cut sites * cell-type median group depth / group peak-matrix counts; 100-bp centered mean	3255461.5	10	wang2020_endo_p1_mi_psd3.bw	10445550	84223349	47564933bd3e5e81bf2835026d202a9c12dd6ff3bcae834d15e9ee1222a2c3e5	22
population	Endo	P1+3 dps	309	4163320	Tn5 cut sites * cell-type median group depth / group peak-matrix counts; 100-bp centered mean	3255461.5	10	wang2020_endo_p1_sham_psd3.bw	8948020	74604388	915c3a6f367abf4e6001f9be440f4469822e9158cc4442cbb5258eaff02d1fea	22
population	Endo	P8+3 dpi	161	1602374	Tn5 cut sites * cell-type median group depth / group peak-matrix counts; 100-bp centered mean	3255461.5	10	wang2020_endo_p8_mi_psd3.bw	4055938	43871656	45c3b2499767dd6c38f73b324f3750dcb49358afac177f60840df9074ff800a1	22
population	Endo	P8+3 dps	206	2347603	Tn5 cut sites * cell-type median group depth / group peak-matrix counts; 100-bp centered mean	3255461.5	10	wang2020_endo_p8_sham_psd3.bw	5127996	48017902	bb50deeaaab18f9a3a690e4400b714136ab9f275158d0087814854f8fa6aac7a	22
population	FB	P1+3 dpi	1514	23195508	Tn5 cut sites * cell-type median group depth / group peak-matrix counts; 100-bp centered mean	22891172.5	10	wang2020_fb_p1_mi_psd3.bw	50573234	257997674	881dbd9716bcf81ec5cc1fc6d5851b6b0e0ce16cd0b921c7e07f4403dee9276e	22
population	FB	P1+3 dps	1304	19840972	Tn5 cut sites * cell-type median group depth / group peak-matrix counts; 100-bp centered mean	22891172.5	10	wang2020_fb_p1_sham_psd3.bw	40752792	217795606	bbe6a83fdf890501ef0bc4920ab02428e3f9d73a0fe1d432744341dcd9cfe87f	22
population	FB	P8+3 dpi	1722	22586837	Tn5 cut sites * cell-type median group depth / group peak-matrix counts; 100-bp centered mean	22891172.5	10	wang2020_fb_p8_mi_psd3.bw	50512384	271189373	da923b96986cf014d41557bc615a59b55d3a4f73826acc83ac945d7842cbae73	22
population	FB	P8+3 dps	2068	26633414	Tn5 cut sites * cell-type median group depth / group peak-matrix counts; 100-bp centered mean	22891172.5	10	wang2020_fb_p8_sham_psd3.bw	50473508	234110980	a78cc38208d334af0240427003bb8191b1f214260ada3d789ae7560fd9cae320	22
population	SMC_Pericyte	P1+3 dpi	381	4803220	Tn5 cut sites * cell-type median group depth / group peak-matrix counts; 100-bp centered mean	4821753.5	10	wang2020_smc_pericyte_p1_mi_psd3.bw	11823996	98190738	500a49a75f364dc82b5f715df3c468a0608b1b81dddde7d516c088eda2ca9230	22
population	SMC_Pericyte	P1+3 dps	371	4679766	Tn5 cut sites * cell-type median group depth / group peak-matrix counts; 100-bp centered mean	4821753.5	10	wang2020_smc_pericyte_p1_sham_psd3.bw	10993710	90977575	09f37f4f537ff764b917549fe24353e5e86d8b95e70206fcb289848892e4f757	22
population	SMC_Pericyte	P8+3 dpi	487	4840287	Tn5 cut sites * cell-type median group depth / group peak-matrix counts; 100-bp centered mean	4821753.5	10	wang2020_smc_pericyte_p8_mi_psd3.bw	11745472	95905870	7d4e6e5370d5d1e1c9f3af676c208e471f51b2d20560610571e8e9d8c714c8cb	22
population	SMC_Pericyte	P8+3 dps	581	5949989	Tn5 cut sites * cell-type median group depth / group peak-matrix counts; 100-bp centered mean	4821753.5	10	wang2020_smc_pericyte_p8_sham_psd3.bw	12934518	97854982	e9435d0fb902fd5104abbbdad851f1334c7a419b689a5269bb33e49ff34ac916	22
population	Epi	P1+3 dpi	138	1728691	Tn5 cut sites * cell-type median group depth / group peak-matrix counts; 100-bp centered mean	1105166.0	10	wang2020_epi_p1_mi_psd3.bw	4779342	49356105	24a773aee694bd12322bd01cc420c9c27b0a6fbce93fe0026daec78b1c92824f	22
population	Epi	P1+3 dps	38	500328	Tn5 cut sites * cell-type median group depth / group peak-matrix counts; 100-bp centered mean	1105166.0	10	wang2020_epi_p1_sham_psd3.bw	1264220	16538618	55d528806c93ba1ff6be315758e1a5b6cf22f5af4e40633ba8902f0b7846d96f	22
population	Epi	P8+3 dpi	133	1385448	Tn5 cut sites * cell-type median group depth / group peak-matrix counts; 100-bp centered mean	1105166.0	10	wang2020_epi_p8_mi_psd3.bw	4370684	48774984	90bd2dbe9b2c2891ce1017157449eb09b8064184e305609eebefbc36a1cb380d	22
population	Epi	P8+3 dps	74	824884	Tn5 cut sites * cell-type median group depth / group peak-matrix counts; 100-bp centered mean	1105166.0	10	wang2020_epi_p8_sham_psd3.bw	2602400	30450667	3139955ff0f949e3d08ff49a7324cb39df2a2ccd38b26713ba35d3e5df149d07	22
population	Macrophage	P1+3 dpi	331	3941691	Tn5 cut sites * cell-type median group depth / group peak-matrix counts; 100-bp centered mean	2751429.5	10	wang2020_macrophage_p1_mi_psd3.bw	9993634	79478910	ea1b1b29fe8c817fbad9a77722b0362c7672af8c87526d8458ea063663fbe21b	22
population	Macrophage	P1+3 dps	110	1482870	Tn5 cut sites * cell-type median group depth / group peak-matrix counts; 100-bp centered mean	2751429.5	10	wang2020_macrophage_p1_sham_psd3.bw	3503850	35395321	81d04497cef7ee0b740e882d6dbafac903eb60c5e24878cbd0ba4b6e06f09484	22
population	Macrophage	P8+3 dpi	337	3317209	Tn5 cut sites * cell-type median group depth / group peak-matrix counts; 100-bp centered mean	2751429.5	10	wang2020_macrophage_p8_mi_psd3.bw	8548724	72780994	8a5a0aad54e5a742cdbf6417e0bf6c9f6789207b5b3174de9045af1f33ba5e61	22
population	Macrophage	P8+3 dps	206	2185650	Tn5 cut sites * cell-type median group depth / group peak-matrix counts; 100-bp centered mean	2751429.5	10	wang2020_macrophage_p8_sham_psd3.bw	5108590	46411555	b1d67d6873f72034344109eda3bb1a19ec73b7cefc66ee6131a40a39c6285f4a	22
population	Lymphocyte	P1+3 dpi	70	660861	Tn5 cut sites * cell-type median group depth / group peak-matrix counts; 100-bp centered mean	602998.5	10	wang2020_lymphocyte_p1_mi_psd3.bw	1499328	17806477	bf67fddc3d91dfb7c7a4f8080da725e0fa7949204f4ec5dae44a6f807146d3f1	22
population	Lymphocyte	P1+3 dps	59	647608	Tn5 cut sites * cell-type median group depth / group peak-matrix counts; 100-bp centered mean	602998.5	10	wang2020_lymphocyte_p1_sham_psd3.bw	1447472	17099437	247f494f1f9a1233b3c210aefacedbaeb1ddd12df4c704d36dc205659c6fc592	22
population	Lymphocyte	P8+3 dpi	65	558389	Tn5 cut sites * cell-type median group depth / group peak-matrix counts; 100-bp centered mean	602998.5	10	wang2020_lymphocyte_p8_mi_psd3.bw	1391920	17647818	4db15df35b29e789b7b8ada6ad0f1e89b527098a480b52adffc383ac90929382	22
population	Lymphocyte	P8+3 dps	51	500021	Tn5 cut sites * cell-type median group depth / group peak-matrix counts; 100-bp centered mean	602998.5	10	wang2020_lymphocyte_p8_sham_psd3.bw	1032226	12905283	b3c21763b7b8b02841a13a73288213e395b7c47b7164458bb1e021876e4404be	22
all_cells	All	P1+3 dpi	7273	97861135	Tn5 cut sites * all-cell median condition depth / condition peak-matrix counts; 100-bp centered mean	98273968.0	10	wang2020_p1_mi_psd3.bw	229661694	722960522	140559760c473007d7a71df00382580452affec2a45cbb97d32aa6c43695b358	22
all_cells	All	P1+3 dps	7374	98686801	Tn5 cut sites * all-cell median condition depth / condition peak-matrix counts; 100-bp centered mean	98273968.0	10	wang2020_p1_sham_psd3.bw	217720964	697238269	bc51b358a4f283e1fcfa2e529780881c8d349e6cb9463735c12c6679513e2c6e	22
all_cells	All	P8+3 dpi	6697	80348019	Tn5 cut sites * all-cell median condition depth / condition peak-matrix counts; 100-bp centered mean	98273968.0	10	wang2020_p8_mi_psd3.bw	181823076	628879712	7b12919ab6c2ccbacbaab95e78bdb954a5bd41bb147a29a88c9e1b986b8973b0	22
all_cells	All	P8+3 dps	9176	117980139	Tn5 cut sites * all-cell median condition depth / condition peak-matrix counts; 100-bp centered mean	98273968.0	10	wang2020_p8_sham_psd3.bw	237609362	686950525	0765114dda4374d8fece893da4cde8d8944b9055572d6635549756e3e1fa91cd	22
